[
  {
    "id": 1,
    "title": "Can You Travel Freely Again in 2021? Here’s How and Where You Can Travel This Year",
    "img": "https://i.ibb.co/vjjW6Nj/26d2208b55943637fdcc8b038fe8fb4f.jpg"
  },
  {
    "id": 2,
    "title": "EU Travel Restrictions & Ban 2021: Can You Travel to Europe Now?",
    "img": "https://i.ibb.co/M1D38RB/3ecae51f0b4721beb63317ce736ead87-2x.jpg"
  },
  {
    "id": 3,
    "title": "Can You Travel Freely Again in 2021? Here’s How and Where You Can Travel This Year",
    "img": "https://i.ibb.co/bBgDfMt/eae6ca4fec230edf72ae975ea4d50e2d.jpg"
  },
  {
    "id": 4,
    "title": "Countries Open for Vaccinated Travellers: Where Can You Go After You Get Your Shots?",
    "img": "https://i.ibb.co/vjjW6Nj/26d2208b55943637fdcc8b038fe8fb4f.jpg"
  },
  {
    "id": 5,
    "title": "EU Travel Restrictions & Ban 2021: Can You Travel to Europe Now?",
    "img": "https://i.ibb.co/M1D38RB/3ecae51f0b4721beb63317ce736ead87-2x.jpg"
  },
  {
    "id": 6,
    "title": "Can You Travel Freely Again in 2021? Here’s How and Where You Can Travel This Year",
    "img": "https://i.ibb.co/bBgDfMt/eae6ca4fec230edf72ae975ea4d50e2d.jpg"
  }
]
