[
  {
    "tripid": "5",
    "id": "10",
    "fleet_id": "1",
    "schedule_id": "4",
    "pick_location_id": "1",
    "drop_location_id": "2",
    "vehicle_id": "3",
    "distance": "400",
    "journey_hour": "6",
    "child_seat": "2",
    "special_seat": "2",
    "adult_fair": "1000",
    "child_fair": "600",
    "special_fair": "700",
    "weekend": "1",
    "company_name": "Hanif",
    "stoppage": "4,5,6",
    "status": "1",
    "created_at": "2021-10-18 08:33:39",
    "updated_at": "2021-10-18 08:38:58",
    "deleted_at": null,
    "type": "main",
    "layout": "2-2",
    "last_seat": "1",
    "total_seat": "12",
    "seat_number": "A1,A2,A3,A4,B1,B2,B3,B4,C1,C2,C3,C4,Z",
    "luggage_service": "1",
    "start_time": "09:40 AM",
    "end_time": "10:00 PM",
    "reg_no": "123REG",
    "engine_no": "ENG123",
    "model_no": "Moid333",
    "chasis_no": "CHA123",
    "woner": "Test",
    "woner_mobile": "0000000000",
    "company": "HYUNDAI",
    "assign": "0",
    "subtripId": "10",
    "trip_id": "5"
  },
  {
    "tripid": "5",
    "id": "11",
    "fleet_id": "1",
    "schedule_id": "4",
    "pick_location_id": "1",
    "drop_location_id": "11",
    "vehicle_id": "3",
    "distance": "400",
    "journey_hour": "6",
    "child_seat": "2",
    "special_seat": "2",
    "adult_fair": "800",
    "child_fair": "250",
    "special_fair": "300",
    "weekend": "1",
    "company_name": "Hanif",
    "stoppage": "4,5,6",
    "status": "1",
    "created_at": "2021-10-18 08:34:05",
    "updated_at": "2021-10-18 08:38:58",
    "deleted_at": null,
    "type": "subtrip",
    "layout": "2-2",
    "last_seat": "1",
    "total_seat": "12",
    "seat_number": "A1,A2,A3,A4,B1,B2,B3,B4,C1,C2,C3,C4,Z",
    "luggage_service": "1",
    "start_time": "09:40 AM",
    "end_time": "10:00 PM",
    "reg_no": "123REG",
    "engine_no": "ENG123",
    "model_no": "Moid333",
    "chasis_no": "CHA123",
    "woner": "Test",
    "woner_mobile": "0000000000",
    "company": "HYUNDAI",
    "assign": "0",
    "subtripId": "11",
    "trip_id": "5"
  },
  {
    "tripid": "6",
    "id": "12",
    "fleet_id": "2",
    "schedule_id": "9",
    "pick_location_id": "1",
    "drop_location_id": "2",
    "vehicle_id": "1",
    "distance": "900",
    "journey_hour": "8",
    "child_seat": "2",
    "special_seat": "2",
    "adult_fair": "750",
    "child_fair": "300",
    "special_fair": "400",
    "weekend": null,
    "company_name": "Agomoni",
    "stoppage": "4,5",
    "status": "1",
    "created_at": "2021-10-18 23:06:48",
    "updated_at": "2021-10-18 23:20:10",
    "deleted_at": null,
    "type": "main",
    "layout": "2-1",
    "last_seat": "1",
    "total_seat": "30",
    "seat_number": "A1,A2,A3,B1,B2,B3,C1,C2,C3,D1,D2,D3,E1,E2,E3,F1,F2,F3,G1,G2,G3,H1,H2,H3,I1,I2,I3,J1,J2,J3,Z",
    "luggage_service": "1",
    "start_time": "06:00 PM",
    "end_time": "06:00 PM",
    "reg_no": "NEW2021",
    "engine_no": "DK2021",
    "model_no": "2021",
    "chasis_no": "2021NEW",
    "woner": "Test",
    "woner_mobile": "0000000000",
    "company": "HYUNDAI",
    "assign": "0",
    "subtripId": "12",
    "trip_id": "6"
  },
  {
    "tripid": "6",
    "id": "13",
    "fleet_id": "2",
    "schedule_id": "9",
    "pick_location_id": "1",
    "drop_location_id": "5",
    "vehicle_id": "1",
    "distance": "900",
    "journey_hour": "8",
    "child_seat": "2",
    "special_seat": "2",
    "adult_fair": "400",
    "child_fair": "200",
    "special_fair": "250",
    "weekend": null,
    "company_name": "Agomoni",
    "stoppage": "4,5",
    "status": "1",
    "created_at": "2021-10-18 23:07:12",
    "updated_at": "2021-10-18 23:20:10",
    "deleted_at": null,
    "type": "subtrip",
    "layout": "2-1",
    "last_seat": "1",
    "total_seat": "30",
    "seat_number": "A1,A2,A3,B1,B2,B3,C1,C2,C3,D1,D2,D3,E1,E2,E3,F1,F2,F3,G1,G2,G3,H1,H2,H3,I1,I2,I3,J1,J2,J3,Z",
    "luggage_service": "1",
    "start_time": "06:00 PM",
    "end_time": "06:00 PM",
    "reg_no": "NEW2021",
    "engine_no": "DK2021",
    "model_no": "2021",
    "chasis_no": "2021NEW",
    "woner": "Test",
    "woner_mobile": "0000000000",
    "company": "HYUNDAI",
    "assign": "0",
    "subtripId": "13",
    "trip_id": "6"
  },
  {
    "tripid": "7",
    "id": "14",
    "fleet_id": "1",
    "schedule_id": "7",
    "pick_location_id": "1",
    "drop_location_id": "2",
    "vehicle_id": "2",
    "distance": "400",
    "journey_hour": "9",
    "child_seat": "3",
    "special_seat": "1",
    "adult_fair": "580",
    "child_fair": "500",
    "special_fair": "600",
    "weekend": null,
    "company_name": "SR",
    "stoppage": "6,10",
    "status": "1",
    "created_at": "2021-10-18 23:19:36",
    "updated_at": "2021-10-18 23:19:36",
    "deleted_at": null,
    "type": "main",
    "layout": "2-2",
    "last_seat": "1",
    "total_seat": "12",
    "seat_number": "A1,A2,A3,A4,B1,B2,B3,B4,C1,C2,C3,C4,Z",
    "luggage_service": "1",
    "start_time": "07:00 AM",
    "end_time": "08:30 PM",
    "reg_no": "NEW2021BUSDk",
    "engine_no": "NEW2021ENGINE2",
    "model_no": "2021MODEL",
    "chasis_no": "2CHASIS2021",
    "woner": "Test dfef",
    "woner_mobile": "00000000001",
    "company": "BMW",
    "assign": "0",
    "subtripId": "14",
    "trip_id": "7"
  },
  {
    "tripid": "7",
    "id": "15",
    "fleet_id": "1",
    "schedule_id": "7",
    "pick_location_id": "1",
    "drop_location_id": "9",
    "vehicle_id": "2",
    "distance": "400",
    "journey_hour": "9",
    "child_seat": "3",
    "special_seat": "1",
    "adult_fair": "444",
    "child_fair": "100",
    "special_fair": "200",
    "weekend": null,
    "company_name": "SR",
    "stoppage": "6,10",
    "status": "1",
    "created_at": "2021-10-18 23:20:52",
    "updated_at": "2021-10-18 23:20:52",
    "deleted_at": null,
    "type": "subtrip",
    "layout": "2-2",
    "last_seat": "1",
    "total_seat": "12",
    "seat_number": "A1,A2,A3,A4,B1,B2,B3,B4,C1,C2,C3,C4,Z",
    "luggage_service": "1",
    "start_time": "07:00 AM",
    "end_time": "08:30 PM",
    "reg_no": "NEW2021BUSDk",
    "engine_no": "NEW2021ENGINE2",
    "model_no": "2021MODEL",
    "chasis_no": "2CHASIS2021",
    "woner": "Test dfef",
    "woner_mobile": "00000000001",
    "company": "BMW",
    "assign": "0",
    "subtripId": "15",
    "trip_id": "7"
  }
]
