[
  [
    { "id": 1, "seatNumber": "A1", "isReserved": true, "isSelected": false },
    { "id": 2, "seatNumber": "A2", "isReserved": false, "isSelected": false },
    null,
    { "id": 3, "seatNumber": "A3", "isReserved": true, "isSelected": false },
    { "id": 4, "seatNumber": "A4", "isReserved": false, "isSelected": false }
  ],
  [
    { "id": 5, "seatNumber": "B1", "isReserved": true, "isSelected": false },
    { "id": 6, "seatNumber": "B2", "isReserved": true, "isSelected": false },
    null,
    { "id": 7, "seatNumber": "B3", "isReserved": true, "isSelected": false },
    { "id": 8, "seatNumber": "B4", "isReserved": false, "isSelected": false }
  ],
  [
    { "id": 9, "seatNumber": "C1", "isReserved": false, "isSelected": false },
    { "id": 10, "seatNumber": "C2", "isReserved": false, "isSelected": false },
    null,
    { "id": 11, "seatNumber": "C3", "isReserved": true, "isSelected": false },
    { "id": 12, "seatNumber": "C4", "isReserved": false, "isSelected": false }
  ],
  [
    { "id": 13, "seatNumber": "D1", "isReserved": false, "isSelected": false },
    { "id": 14, "seatNumber": "D2", "isReserved": false, "isSelected": false },
    null,
    { "id": 15, "seatNumber": "D3", "isReserved": false, "isSelected": false },
    { "id": 16, "seatNumber": "D4", "isReserved": false, "isSelected": false }
  ],
  [
    { "id": 17, "seatNumber": "E1", "isReserved": true, "isSelected": false },
    { "id": 18, "seatNumber": "E2", "isReserved": false, "isSelected": false },
    null,
    { "id": 19, "seatNumber": "E3", "isReserved": false, "isSelected": false },
    { "id": 20, "seatNumber": "E4", "isReserved": false, "isSelected": false }
  ],
  [
    { "id": 21, "seatNumber": "F1", "isReserved": true, "isSelected": false },
    { "id": 22, "seatNumber": "F2", "isReserved": false, "isSelected": false },
    null,
    { "id": 23, "seatNumber": "F3", "isReserved": false, "isSelected": false },
    { "id": 24, "seatNumber": "F4", "isReserved": false, "isSelected": false }
  ],
  [
    { "id": 25, "seatNumber": "G1", "isReserved": true, "isSelected": false },
    { "id": 26, "seatNumber": "G2", "isReserved": false, "isSelected": false },
    null,
    { "id": 27, "seatNumber": "G3", "isReserved": false, "isSelected": false },
    { "id": 28, "seatNumber": "G4", "isReserved": false, "isSelected": false }
  ],
  [
    { "id": 29, "seatNumber": "H1", "isReserved": true, "isSelected": false },
    { "id": 30, "seatNumber": "H2", "isReserved": false, "isSelected": false },
    null,
    { "id": 31, "seatNumber": "H3", "isReserved": false, "isSelected": false },
    { "id": 32, "seatNumber": "H4", "isReserved": false, "isSelected": false }
  ],
  [
    { "id": 33, "seatNumber": "I1", "isReserved": true, "isSelected": false },
    { "id": 34, "seatNumber": "I2", "isReserved": false, "isSelected": false },
    { "id": 35, "seatNumber": "I3", "isReserved": false, "isSelected": false },
    { "id": 36, "seatNumber": "I4", "isReserved": false, "isSelected": false },
    { "id": 37, "seatNumber": "I5", "isReserved": false, "isSelected": false }
  ]
]
