{
    "accounts": [
        {
            "id": "134",
            "type": "income",
            "detail": "Ticket Booking (TB8E4G57FO) ",
            "amount": "983",
            "doc_location": null,
            "system_user_id": "1",
            "created_at": "2022-06-28 15:08:21",
            "updated_at": "2023-01-21 10:11:38",
            "deleted_at": null
        },
        {
            "id": "135",
            "type": "income",
            "detail": "Ticket Booking (TBFKS8YEBW) ",
            "amount": "500",
            "doc_location": null,
            "system_user_id": "1",
            "created_at": "2022-06-28 15:15:21",
            "updated_at": "2023-01-21 10:11:38",
            "deleted_at": null
        },
        {
            "id": "136",
            "type": "income",
            "detail": "Ticket Booking (TBJ3D2RY0P) ",
            "amount": "896",
            "doc_location": null,
            "system_user_id": "1",
            "created_at": "2022-06-28 15:16:50",
            "updated_at": "2023-01-21 10:11:38",
            "deleted_at": null
        },
        {
            "id": "137",
            "type": "income",
            "detail": "Ticket Booking (TBNYFQET3S) ",
            "amount": "600",
            "doc_location": null,
            "system_user_id": "1",
            "created_at": "2022-06-28 15:17:58",
            "updated_at": "2023-01-21 10:11:38",
            "deleted_at": null
        },
        {
            "id": "138",
            "type": "income",
            "detail": "Ticket Booking (TB76DFM1CA) ",
            "amount": "500",
            "doc_location": null,
            "system_user_id": "1",
            "created_at": "2022-06-28 15:19:44",
            "updated_at": "2023-01-21 10:11:38",
            "deleted_at": null
        },
        {
            "id": "139",
            "type": "income",
            "detail": "Ticket Booking (TBXT8KPHV2) ",
            "amount": "896",
            "doc_location": null,
            "system_user_id": "1",
            "created_at": "2022-06-28 15:20:54",
            "updated_at": "2023-01-21 10:11:38",
            "deleted_at": null
        },
        {
            "id": "140",
            "type": "income",
            "detail": "Ticket Booking (TBA9X180HU) ",
            "amount": "1008",
            "doc_location": null,
            "system_user_id": "1",
            "created_at": "2022-06-28 15:22:26",
            "updated_at": "2023-01-21 10:11:38",
            "deleted_at": null
        },
        {
            "id": "141",
            "type": "income",
            "detail": "Refund (TBA9X180HU) ",
            "amount": "100",
            "doc_location": null,
            "system_user_id": "1",
            "created_at": "2022-06-28 15:23:04",
            "updated_at": "2023-01-21 10:11:38",
            "deleted_at": null
        },
        {
            "id": "142",
            "type": "expense",
            "detail": "Refund (TBA9X180HU) ",
            "amount": "1008",
            "doc_location": null,
            "system_user_id": "1",
            "created_at": "2022-06-28 15:23:04",
            "updated_at": "2023-01-21 10:11:38",
            "deleted_at": null
        },
        {
            "id": "143",
            "type": "income",
            "detail": "Cancel (TBXT8KPHV2) ",
            "amount": "50",
            "doc_location": null,
            "system_user_id": "1",
            "created_at": "2022-06-28 15:23:32",
            "updated_at": "2023-01-21 10:11:38",
            "deleted_at": null
        }
    ],
    "accounthead": [
        {
            "id": "1",
            "name": "assets",
            "parentid": "parent",
            "chield": "1"
        },
        {
            "id": "2",
            "name": "expence",
            "parentid": "parent",
            "chield": "1"
        },
        {
            "id": "3",
            "name": "income",
            "parentid": "parent",
            "chield": "0"
        },
        {
            "id": "4",
            "name": "liability",
            "parentid": "parent",
            "chield": "1"
        },
        {
            "id": "5",
            "name": "current Assect",
            "parentid": "1",
            "chield": "1"
        },
        {
            "id": "6",
            "name": "Non current Assect",
            "parentid": "1",
            "chield": "0"
        },
        {
            "id": "7",
            "name": "account",
            "parentid": "4",
            "chield": "1"
        },
        {
            "id": "8",
            "name": "account recieve",
            "parentid": "5",
            "chield": "1"
        },
        {
            "id": "9",
            "name": "add new",
            "parentid": "8",
            "chield": "0"
        },
        {
            "id": "10",
            "name": "test data",
            "parentid": "7",
            "chield": "0"
        }
    ]
}