{
  "navigation_home_button": {
    "en": "Home",
    "fr": "domicile",
    "afr": "Tuis",
    "ar": "الصفحة الرئيسية"
  },
  "navigation_work_button": {
    "en": "how to work",
    "fr": "comment travailler",
    "afr": "hoe om te werk",
    "ar": "كيف تعمل"
  },
  "navigation_blog_button": {
    "en": "blog",
    "fr": "blog",
    "afr": "blog",
    "ar": "مقالات"
  },
  "navigation_track_button": {
    "en": "track",
    "fr": "Piste",
    "afr": "spoor",
    "ar": "مسار"
  },
  "navigation_login_button": {
    "en": "login",
    "fr": "connexion",
    "afr": "teken aan",
    "ar": "تسجيل الدخول"
  },
  "hero_button": {
    "en": "Book",
    "fr": "Livre",
    "afr": "Boek",
    "ar": "الكتاب"
  },
  "search_form_from_input": {
    "en": "from",
    "fr": "de",
    "afr": "van",
    "ar": "من"
  },
  "search_form_to_input": {
    "en": "to",
    "fr": "à",
    "afr": "aan",
    "ar": "إلى"
  },
  "search_form_start_date": {
    "en": "depart",
    "fr": "partir",
    "afr": "vertrek",
    "ar": "تغادر"
  },
  "search_form_retrurn_date": {
    "en": "return (optional)",
    "fr": "revenir (optionnelle)",
    "afr": "terugkeer (opsioneel)",
    "ar": "إرجاع"
  },
  "search_form_button": {
    "en": "find tickets",
    "fr": "trouver des billets",
    "afr": "kaartjies vind",
    "ar": "وجدنا دليلا لكل وجهات النظر من هذه الدراسات"
  },
  "search_form_button_booking_page": {
    "en": "search again",
    "fr": "chercher à nouveau",
    "afr": "soek weer",
    "ar": "ابحث ثانيا"
  },
  "journey_page_booking_price": {
    "en": "price",
    "fr": "le prix",
    "afr": "prys",
    "ar": "سعر"
  },
  "journey_page_booking_btn": {
    "en": "book now",
    "fr": "Reserve maintenant",
    "afr": "bespreek nou",
    "ar": "احجز الآن"
  },
  "card_read_more_btn": {
    "en": "Read More",
    "fr": "Lire la suite",
    "afr": "Lees meer",
    "ar": "اقرأ أكثر"
  },
  "subscribe_component_input": {
    "en": "Email Address",
    "fr": "Adresse e-mail",
    "afr": "E-pos adres",
    "ar": "عنوان البريد الالكترونى"
  },
  "subscribe_component_bnt": {
    "en": "subscribe",
    "fr": "s'abonner",
    "afr": "inteken",
    "ar": "الإشتراك"
  },
  "footer_top_about_button": {
    "en": "about",
    "fr": "sur",
    "afr": "oor",
    "ar": "حول"
  },
  "footer_top_blog_button": {
    "en": "blog",
    "fr": "blog",
    "afr": "blog",
    "ar": "مقالات"
  },
  "footer_top_FAQ_button": {
    "en": "FAQ",
    "fr": "FAQ",
    "afr": "Gereelde vrae",
    "ar": "التعليمات"
  },
  "footer_top_contact_button": {
    "en": "contact",
    "fr": "Contactez",
    "afr": "Kontak",
    "ar": "اتصل"
  },
  "footer_top_privacy_button": {
    "en": "privacy",
    "fr": "intimité",
    "afr": "privaatheid",
    "ar": "الإجمالية"
  },
  "footer_top_cookies_button": {
    "en": "cookies",
    "fr": "biscuits",
    "afr": "koekies",
    "ar": "بسكويت"
  },
  "footer_top_terms_button": {
    "en": "terms and condition",
    "fr": "termes et conditions",
    "afr": "terme en voorwaarde",
    "ar": "أحكام وشروط"
  },
  "footer_top_download_app": {
    "en": "Download the app",
    "fr": "Téléchargez l'application",
    "afr": "Laai die toepassing af",
    "ar": "قم بتنزيل التطبيق"
  },

  "footer_bottom_title": {
    "en": "Follow us on :",
    "fr": " Suivez-nous sur:",
    "afr": " Volg ons op :",
    "ar": "اتبعنا"
  },
  "blog_page_title": {
    "en": "blog",
    "fr": "blog",
    "afr": "blog",
    "ar": "مقالات"
  },
  "blog_page_sub_title": {
    "en": "home - blog",
    "fr": "domicile - blog",
    "afr": "tuis - blog",
    "ar": "مقالات - الصفحة الرئيسية"
  },
  "track_title": {
    "en": "track my ticket",
    "fr": "suivre mon billet",
    "afr": "volg my kaartjie",
    "ar": "تتبع تذكرتي"
  },
  "track_sub_title": {
    "en": "ticket booking number:",
    "fr": "numéro de réservation du billet:",
    "afr": "kaartjiebesprekingsnommer:",
    "ar": "رقم حجز التذكرة:"
  },
  "track_button_text": {
    "en": "go",
    "fr": "aller",
    "afr": "gaan",
    "ar": "يذهب"
  },

  "login_page_title": {
    "en": "sing in",
    "fr": "s'identifier",
    "afr": "teken aan",
    "ar": "تسجيل الدخول"
  },
  "login_page_email_input": {
    "en": "email or phone number",
    "fr": "email ou numéro de téléphone",
    "afr": "e-pos of telefoonnommer",
    "ar": "البريد الإلكتروني أو رقم الهاتف"
  },
  "login_page_password_input": {
    "en": "password",
    "fr": "le mot de passe",
    "afr": "wagwoord",
    "ar": "كلمه السر"
  },
  "login_page_checkbox_text": {
    "en": "remember me",
    "fr": "souviens-toi de moi",
    "afr": "onthou my",
    "ar": "تذكرنى"
  },
  "login_page_forgot_password_link_text": {
    "en": "Forgot Password?",
    "fr": "Mot de passe oublié?",
    "afr": "Wagwoord vergeet?",
    "ar": "هل نسيت كلمة السر؟"
  },
  "login_page_submit_button": {
    "en": "sign in",
    "fr": "s'identifier",
    "afr": "teken aan",
    "ar": "تسجيل الدخول"
  },
  "login_page_question_text": {
    "en": "Don’t have an account?",
    "fr": "Vous n'avez pas de compte ?",
    "afr": "Het jy nie 'n rekening nie?",
    "ar": "ليس لديك حساب؟"
  },
  "login_page_sign_up_link_text": {
    "en": "sign up",
    "fr": "S'inscrire",
    "afr": "teken aan",
    "ar": "اشتراك"
  },
  "forgot_page_title": {
    "en": "forgot password?",
    "fr": "mot de passe oublié?",
    "afr": "Wagwoord vergeet?",
    "ar": "هل نسيت كلمة السر؟"
  },
  "forgot_page_sub_title": {
    "en": "Please enter your email address and we will send you a link to reset your password.",
    "fr": "Veuillez saisir votre adresse e-mail et nous vous enverrons un lien pour réinitialiser votre mot de passe.",
    "afr": "Voer asseblief jou e-posadres in en ons sal vir jou 'n skakel stuur om jou wagwoord terug te stel.",
    "ar": "يرجى إدخال عنوان بريدك الإلكتروني وسنرسل لك رابطًا لإعادة تعيين كلمة المرور الخاصة بك."
  },
  "forgot_page_email_input": {
    "en": "email",
    "fr": "e-mail",
    "afr": "e-pos",
    "ar": "البريد الإلكتروني"
  },
  "forgot_page_submit_button": {
    "en": "Apply",
    "fr": "Appliquer",
    "afr": "Doen aansoek",
    "ar": "يتقدم"
  },
  "sign_up_page_title": {
    "en": "sign up",
    "fr": "S'inscrire",
    "afr": "teken aan",
    "ar": "اشتراك"
  },
  "sign_up_page_sub_title": {
    "en": "Create an account to easily use bus365 services",
    "fr": "Créez un compte pour utiliser facilement les services bus365",
    "afr": "Skep 'n rekening om bus365-dienste maklik te gebruik",
    "ar": "قم بإنشاء حساب لاستخدام خدمات bus365 بسهولة"
  },
  "sign_up_page_input_email": {
    "en": "Email",
    "fr": "E-mail",
    "afr": "E-pos",
    "ar": "البريد الإلكتروني"
  },
  "sign_up_page_input_phone": {
    "en": "Phone",
    "fr": "Téléphoner",
    "afr": "Foon",
    "ar": "هاتف"
  },
  "sign_up_page_input_password": {
    "en": "Password",
    "fr": "Mot de passe",
    "afr": "Wagwoord",
    "ar": "كلمة المرور"
  },
  "sign_up_page_input_re_password": {
    "en": "Re-Password",
    "fr": "Re-mot de passe",
    "afr": "Her-wagwoord",
    "ar": "إعادة كلمة المرور"
  },
  "sign_up_page_input_name": {
    "en": "first Name",
    "fr": "prénom",
    "afr": "eerste naam",
    "ar": "الاسم الاول"
  },
  "sign_up_page_input_last_name": {
    "en": "last name",
    "fr": "nom de famille",
    "afr": "van",
    "ar": "اللقب"
  },
  "sign_up_page_checkbox_text": {
    "en": "By creating an account you agree to our",
    "fr": "En créant un compte, vous acceptez nos",
    "afr": "Deur 'n rekening te skep, stem jy in tot ons",
    "ar": "من خلال إنشاء حساب فإنك توافق على"
  },
  "sign_up_page_terms_link_text": {
    "en": "terms and condition",
    "fr": "termes et conditions",
    "afr": "terme en voorwaarde",
    "ar": "أحكام وشروط"
  },
  "sign_up_page_submit_button": {
    "en": "sign up",
    "fr": "S'inscrire",
    "afr": "teken aan",
    "ar": "اشتراك"
  },
  "sign_up_page_qustion_text": {
    "en": "Already have an Account?",
    "fr": "Vous avez déjà un compte?",
    "afr": "Reeds 'n rekening?",
    "ar": "هل لديك حساب؟"
  },
  "sign_up_page_sign_in_link_text": {
    "en": "sing in",
    "fr": "s'identifier",
    "afr": "teken aan",
    "ar": "تسجيل الدخول"
  },
  "booking_page_departure_title": {
    "en": "departure",
    "fr": "Départ",
    "afr": "vertrek",
    "ar": "الاقلاع"
  },
  "booking_page_return_title": {
    "en": "return",
    "fr": "revenir",
    "afr": "terugkeer",
    "ar": "إرجاع"
  },
  "booking_page_card_title_buses_found": {
    "en": "buses found",
    "fr": "bus trouvés",
    "afr": "busse gevind",
    "ar": "وجدت الحافلات"
  },
  "booking_page_card_title_departure": {
    "en": "departure",
    "fr": "Départ",
    "afr": "vertrek",
    "ar": "الاقلاع"
  },
  "booking_page_card_title_duration": {
    "en": "duration",
    "fr": "durée",
    "afr": "duur",
    "ar": "المدة الزمنية"
  },
  "booking_page_card_title_arraival": {
    "en": "arrival",
    "fr": "Arrivées",
    "afr": "aankoms",
    "ar": "وصول"
  },
  "booking_page_card_title_ratings": {
    "en": "ratings",
    "fr": "notes",
    "afr": "graderings",
    "ar": "التقييمات"
  },
  "booking_page_card_title_fare": {
    "en": "fare",
    "fr": "tarif",
    "afr": "tarief",
    "ar": "أجرة"
  },

  "booking_page_card_title_seat_available": {
    "en": "seat available",
    "fr": "siège disponible",
    "afr": "sitplek beskikbaar",
    "ar": "المقعد متاح"
  },
  "booking_page_card_bus_photos_btn": {
    "en": "bus photos",
    "fr": "photos d'autobus",
    "afr": "bus foto's",
    "ar": "صور الحافلة"
  },
  "booking_page_card_reviews_btn": {
    "en": "reviews",
    "fr": "Commentaires",
    "afr": "resensies",
    "ar": "المراجعات"
  },
  "booking_page_card_booking_policies_btn": {
    "en": "booking policies",
    "fr": "politiques de réservation",
    "afr": "besprekingsbeleide",
    "ar": "سياسات الحجز"
  },
  "booking_page_card_reveiw_btn": {
    "en": "review",
    "fr": "examen",
    "afr": "resensie",
    "ar": "إعادة النظر"
  },
  "booking_page_card_view_seats_btn": {
    "en": "view seat",
    "fr": "voir le siège",
    "afr": "sitplek uitkyk",
    "ar": "عرض المقعد"
  },
  "booking_page_card_book_btn": {
    "en": "book now",
    "fr": "Reserve maintenant",
    "afr": "bespreek nou",
    "ar": "احجز الآن"
  },
  "mobile_booking_page_card_book_btn": {
    "en": "book now",
    "fr": "Reserve maintenant",
    "afr": "bespreek nou",
    "ar": "احجز الآن"
  },
  "booking_page_seat_legend": {
    "en": "seat legend",
    "fr": "légende du siège",
    "afr": "sitplek legende",
    "ar": "أسطورة المقعد"
  },
  "booking_page_unavailable": {
    "en": "unavailable",
    "fr": "indisponible",
    "afr": "nie beskikbaar nie",
    "ar": "غير متوفره"
  },
  "booking_page_available": {
    "en": "available",
    "fr": "disponible",
    "afr": "beskikbaar",
    "ar": "متوفرة"
  },
  "booking_page_book": {
    "en": "book",
    "fr": "livre",
    "afr": "boek",
    "ar": "الكتاب"
  },
  "booking_page_adul_seat": {
    "en": "adult seat",
    "fr": "siège adulte",
    "afr": "volwasse sitplek",
    "ar": "مقعد الكبار"
  },
  "booking_page_children_seat": {
    "en": "children seat",
    "fr": "siège enfant",
    "afr": "kinder sitplek",
    "ar": "مقعد الأطفال"
  },
  "booking_page_special_seat": {
    "en": "special seat",
    "fr": "siège spécial",
    "afr": "spesiale sitplek",
    "ar": "مقعد خاص"
  },
  "booking_page_bus_facilities": {
    "en": "Bus Facilities",
    "fr": "Installations d'autobus",
    "afr": "Busfasiliteite",
    "ar": "مرافق الحافلات"
  },
  "booking_page_boarding_title": {
    "en": "boarding point",
    "fr": "point d'embarquement",
    "afr": "instappunt",
    "ar": "نقطة الصعود"
  },
  "booking_page_dropping_title": {
    "en": "dropping point",
    "fr": "point de chute",
    "afr": "valpunt",
    "ar": "نقطة اسقاط"
  },
  "selected_boarding_title": {
    "en": "boarding point ",
    "fr": "point d'embarquement ",
    "afr": "instappunt",
    "ar": "نقطة الصعود"
  },
  "selected_dropping_title": {
    "en": "dropping point",
    "fr": "point de chute",
    "afr": "valpunt",
    "ar": "نقطة اسقاط"
  },
  "booking_page_fare_details_title": {
    "en": "fare details",
    "fr": "détails du tarif",
    "afr": "tarief besonderhede",
    "ar": "تفاصيل الأجرة"
  },
  "booking_page_child_price_title": {
    "en": "child price",
    "fr": "tarif enfant",
    "afr": "kinderprys",
    "ar": "سعر الطفل"
  },
  "booking_page_adult_price_title": {
    "en": "adult price",
    "fr": "prix adulte",
    "afr": "volwasse prys",
    "ar": "سعر الكبار"
  },
  "booking_page_special_price_title": {
    "en": "special price",
    "fr": "prix spécial",
    "afr": "spesiale prys",
    "ar": "سعر خاص"
  },
  "booing_page_total_ammount_title": {
    "en": "amount",
    "fr": "montante",
    "afr": "bedrag",
    "ar": "مقدار"
  },
  "booing_page_total_ammount_currency": {
    "en": "Tk",
    "fr": "Tk",
    "afr": "Tk",
    "ar": ""
  },
  "booking_page_Proccess_to_book_btn": {
    "en": "proccess to book",
    "fr": "processus de réservation",
    "afr": "proses om te bespreek",
    "ar": "عملية للحجز"
  },
  "booking_page_tax_message": {
    "en": "Taxes will be calculated during payment",
    "fr": "Les taxes seront calculées lors du paiement",
    "afr": "Belasting sal tydens betaling bereken word",
    "ar": "سيتم احتساب الضرائب أثناء الدفع"
  },
  "side_bar_price_range_start": {
    "en": "Price",
    "fr": "Prix",
    "afr": "Prys",
    "ar": "سعر"
  },
  "side_bar_price_range_end": {
    "en": "Reset",
    "fr": "Réinitialiser",
    "afr": "Stel terug",
    "ar": "إعادة ضبط"
  },
  "side_bar_bus_types_title": {
    "en": "bus types",
    "fr": "type d'autobus",
    "afr": "bus tipes",
    "ar": "أنواع الحافلات"
  },
  "side_bar_departure_time_title": {
    "en": "departure time",
    "fr": "heure de départ",
    "afr": "vertrektyd",
    "ar": "وقت المغادرة"
  },
  "side_bar_arrival_times_title": {
    "en": "arrival time",
    "fr": "heure d'arrivée",
    "afr": "aankoms tyd",
    "ar": "وقت الوصول"
  },
  "side_bar_fare_summery_title": {
    "en": "fare summery",
    "fr": "récapitulatif des tarifs",
    "afr": "tarief opsomming",
    "ar": "ملخص الأجرة"
  },
  "side_bar_base_fare_title": {
    "en": "base fare",
    "fr": "tarif de base",
    "afr": "basis tarief",
    "ar": "الاجرة الاساسية"
  },
  "side_bar_tax_title": {
    "en": "tax",
    "fr": "impôt",
    "afr": "belasting",
    "ar": "ضريبة"
  },
  "side_bar_return_ticket_fare_title": {
    "en": "return ticket fare",
    "fr": "billet aller-retour",
    "afr": "retoerkaartjie tarief",
    "ar": "أجرة تذكرة العودة"
  },
  "side_bar_return_ticket_tax_title": {
    "en": "return ticket tax",
    "fr": "taxe sur les billets de retour",
    "afr": "retoerkaartjie belasting",
    "ar": "ضريبة تذكرة العودة"
  },
  "side_bar_sub_total_ammount_title": {
    "en": "subtotal amount",
    "fr": "montant du sous-total",
    "afr": "subtotale bedrag",
    "ar": "المبلغ الاجمالي"
  },
  "side_bar_total_discount": {
    "en": "discount",
    "fr": "remise",
    "afr": "afslag",
    "ar": "تخفيض"
  },
  "side_bar_total_ammount": {
    "en": "total amount",
    "fr": "montant total",
    "afr": "totale bedrag",
    "ar": "المبلغ الإجمالي"
  },
  "side_bar_dicount_title": {
    "en": "apply discount",
    "fr": "appliquer la remise",
    "afr": "afslag toepas",
    "ar": "تطبيق الخصم"
  },
  "side_bar_dicount_sub_title": {
    "en": "Have a Discount/ Promio code to Redeem",
    "fr": "Avoir un rabais/ Code promo à utiliser",
    "afr": "Het 'n afslag/ Promio-kode om te gebruik",
    "ar": "احصل على كود خصم / بروميو للاسترداد"
  },

  "side_bar_promo_code_text": {
    "en": "promo code",
    "fr": "code promo",
    "afr": "promosie kode",
    "ar": "رمز ترويجي"
  },
  "side_bar_promo_code_btn": {
    "en": "apply",
    "fr": "appliquer",
    "afr": " aansoek doen",
    "ar": "يتقدم"
  },
  "checkout_page_sub_title": {
    "en": "travel details",
    "fr": "détails du voyage",
    "afr": "reisbesonderhede",
    "ar": "تفاصيل السفر"
  },
  "checkout_page_question": {
    "en": "have an account?",
    "fr": "avoir un compte?",
    "afr": "het jy 'n rekening?",
    "ar": "لديك حساب؟"
  },
  "checkout_page_login_page_link": {
    "en": "click here to login",
    "fr": "Cliquez ici pour vous identifier",
    "afr": "klik hier om aan te meld",
    "ar": "انقر هنا لتسجيل الدخول"
  },
  "checkout_page_contact_details_text": {
    "en": "contact details",
    "fr": "détails du contact",
    "afr": "kontakbesonderhede",
    "ar": "بيانات المتصل"
  },
  "checkout_page_contact_details_input_email": {
    "en": "Email",
    "fr": "E-mail",
    "afr": "E-pos",
    "ar": "البريد الإلكتروني"
  },
  "checkout_page_contact_details_input_phone": {
    "en": "Phone",
    "fr": "Téléphoner",
    "afr": "Foon",
    "ar": "هاتف"
  },
  "checkout_page_text": {
    "en": "Your booking details will be sent to this email address and mobile number.",
    "fr": "Les détails de votre réservation seront envoyés à cette adresse e-mail et à ce numéro de téléphone portable.",
    "afr": "Jou besprekingbesonderhede sal na hierdie e-posadres en selfoonnommer gestuur word.",
    "ar": "سيتم إرسال تفاصيل حجزك إلى عنوان البريد الإلكتروني هذا ورقم الهاتف المحمول."
  },
  "checkout_page_title": {
    "en": "traveller information",
    "fr": "informations aux voyageurs",
    "afr": "reisiger inligting",
    "ar": "معلومات المسافر"
  },
  "checkout_page_passenger_title": {
    "en": "passenger",
    "fr": "passagère",
    "afr": "passasier",
    "ar": "راكب"
  },
  "checkout_page_passenger_input_text": {
    "en": "Given name",
    "fr": "Prénom",
    "afr": "Noemnaam",
    "ar": "الاسم المعطى"
  },
  "checkout_page_nid_title": {
    "en": "NID / Passport",
    "fr": "JNV / Passeport",
    "afr": "NID / Paspoort",
    "ar": "NID / جواز السفر"
  },
  "checkout_page_nid_input_text": {
    "en": "Ducoment No",
    "fr": "Document n°",
    "afr": "Dokument No",
    "ar": "رقم الوثيقة"
  },
  "checkout_page_zip_title": {
    "en": "zip code",
    "fr": "code postal",
    "afr": "Poskode",
    "ar": "الرمز البريدي"
  },
  "checkout_page_zip_input_text": {
    "en": "Zip Code",
    "fr": "code postal",
    "afr": "Poskode",
    "ar": "الرمز البريدي"
  },
  "checkout_page_city_input_text": {
    "en": "City",
    "fr": "Ville",
    "afr": "Stad",
    "ar": "مدينة"
  },
  "checkout_page_address_title": {
    "en": "address",
    "fr": "adresse",
    "afr": "adres",
    "ar": "تبوك"
  },
  "checkout_page_address_input_text": {
    "en": "Address",
    "fr": "adresse",
    "afr": "adres",
    "ar": "تبوك"
  },
  "checkout_page_country_title": {
    "en": "country name",
    "fr": "nom du pays",
    "afr": "land se naam",
    "ar": "اسم الدولة"
  },
  "checkout_page_country_input_text": {
    "en": "select..",
    "fr": "sélectionner..",
    "afr": "kies..",
    "ar": "تحديد.."
  },
  "checkout_page_checkbox_text": {
    "en": "Create Account?",
    "fr": "Créer un compte?",
    "afr": "Skep rekening?",
    "ar": "إصنع حساب؟"
  },
  "checkout_page_payNow_radio_btn": {
    "en": "Pay Now",
    "fr": "Payez Maintenant",
    "afr": "betaal nou",
    "ar": "ادفع الآن"
  },
  "checkout_page_payLatter_radio_btn": {
    "en": "Pay Later",
    "fr": "Payer Plus Tard",
    "afr": "later betaal",
    "ar": "ادفع لاحقا"
  },
  "checkout_page_cancel_btn": {
    "en": "Cancel",
    "fr": "Annuler",
    "afr": "Kanselleer",
    "ar": "إلغاء"
  },
  "checkout_page_make_payment_btn": {
    "en": "Make Payment",
    "fr": "Effectuer Le Paiement",
    "afr": "Maak Betaling",
    "ar": "قم بالدفع"
  },
  "checkout_page_book_your_ticket_btn": {
    "en": "book your ticket",
    "fr": "réservez votre billet",
    "afr": "bespreek jou kaartjie",
    "ar": "احجز تذكرتك"
  },
  "tickets_page_navigation_laguess_btn": {
    "en": "laguess",
    "fr": "lagues",
    "afr": "lag",
    "ar": "لاغوس"
  },
  "tickets_page_navigation_profile_btn": {
    "en": "profile",
    "fr": "profile",
    "afr": "profiel",
    "ar": "الملف الشخصي"
  },
  "tickets_page_navigation_change_password_btn": {
    "en": "change password",
    "fr": "changer le mot de passe",
    "afr": "verander wagwoord",
    "ar": "غير كلمة السر"
  },
  "tickets_page_navigation_logout_btn": {
    "en": "logout",
    "fr": "Se déconnecter",
    "afr": "teken uit",
    "ar": "تسجيل خروج"
  },
  "tickets_page_navigation_tickets_btn": {
    "en": "tickets",
    "fr": "des billets",
    "afr": "kaartjies",
    "ar": "تذاكر"
  },
  "tickets_page_booking_id": {
    "en": "Booking Id",
    "fr": "Identifiant de réservation",
    "afr": "Besprekings-ID",
    "ar": "معرف الحجز"
  },
  "tickets_page_payment_btn": {
    "en": "payment",
    "fr": "Paiement",
    "afr": "betaling",
    "ar": "دفع"
  },
  "tickets_page_view_btn": {
    "en": "view",
    "fr": "voir",
    "afr": "beskou",
    "ar": "رأي"
  },
  "tickets_page_new_password_title": {
    "en": "new password",
    "fr": "nouveau mot de passe",
    "afr": "Nuwe Wagwoord",
    "ar": "كلمة السر الجديدة"
  },
  "tickets_page_new_password_input": {
    "en": "new password",
    "fr": "nouveau mot de passe",
    "afr": "Nuwe Wagwoord",
    "ar": "كلمة السر الجديدة"
  },
  "tickets_page_re_password_input": {
    "en": "new password",
    "fr": "nouveau mot de passe",
    "afr": "Nuwe Wagwoord",
    "ar": "كلمة السر الجديدة"
  },
  "tickets_page_old_password_title": {
    "en": "old password",
    "fr": "ancien mot de passe",
    "afr": "Ou wagwoord",
    "ar": "كلمة المرور القديمة"
  },
  "tickets_page_old_password_input": {
    "en": "old password",
    "fr": "ancien mot de passe",
    "afr": "Ou wagwoord",
    "ar": "كلمة المرور القديمة"
  },
  "tickets_page_change_password_confirm_btn": {
    "en": "confirm",
    "fr": "confirmer",
    "afr": "bevestig",
    "ar": "تؤكد"
  },
  "ticket_traking_page_name": {
    "en": "name",
    "fr": "Nom",
    "afr": "naam",
    "ar": "اسم"
  },
  "ticket_traking_page_phone": {
    "en": "phone",
    "fr": "téléphoner",
    "afr": "foon",
    "ar": "هاتف"
  },
  "ticket_traking_page_booking_id": {
    "en": "booking id",
    "fr": "identifiant de réservation",
    "afr": "bespreking ID",
    "ar": "معرف الحجز"
  },
  "ticket_traking_page_pick_laction": {
    "en": "pickup location",
    "fr": "lieu de ramassage",
    "afr": "afhaalplek",
    "ar": "اختر موقعا"
  },
  "ticket_traking_page_drop_laction": {
    "en": "drop location",
    "fr": "lieu de dépôt",
    "afr": "val plek",
    "ar": "إسقاط الموقع"
  },
  "ticket_traking_page_booking_date": {
    "en": "booking date",
    "fr": "date de réservation",
    "afr": "besprekingsdatum",
    "ar": "تاريخ الحجز"
  },
  "ticket_traking_page_journey_date": {
    "en": "journey date",
    "fr": "date du voyage",
    "afr": "reis datum",
    "ar": "تاريخ الرحلة"
  },
  "ticket_traking_page_seat_number": {
    "en": "seat number",
    "fr": "numéro de siège",
    "afr": "sitpleknommer",
    "ar": "رقم المقعد"
  },
  "ticket_traking_page_ammount": {
    "en": "amount",
    "fr": "montante",
    "afr": "bedrag",
    "ar": "مقدار"
  },
  "ticket_traking_page_discount": {
    "en": "discount",
    "fr": "remise",
    "afr": "afslag",
    "ar": "تخفيض"
  },
  "ticket_traking_page_total_tax": {
    "en": "total tax",
    "fr": "taxe total",
    "afr": "totale belasting",
    "ar": "مجموع الضريبة"
  },
  "ticket_traking_page_total": {
    "en": "total",
    "fr": "totale",
    "afr": "totaal",
    "ar": "المجموع"
  },
  "ticket_traking_page_due": {
    "en": "due",
    "fr": "exigible",
    "afr": "verskuldig",
    "ar": "بسبب"
  },
  "ticket_traking_page_print_btn": {
    "en": "print",
    "fr": "imprimer",
    "afr": "druk",
    "ar": "مطبعة"
  },
  "ticket_traking_page_download_btn": {
    "en": "download",
    "fr": "Télécharger",
    "afr": "Aflaai",
    "ar": "تحميل"
  },
  "conact_us_page_title": {
    "en": "Don't hesitate to contact with us for any kind of information",
    "fr": "N'hésitez pas à nous contacter pour tout type d'information",
    "afr": "Don't hesitate to contact with us for any kind of information",
    "ar": "لا تتردد في الاتصال بنا للحصول على أي نوع من المعلومات"
  },
  "conact_us_page_email_title": {
    "en": "Email : ",
    "fr": "E-mail : ",
    "afr": "E-pos : ",
    "ar": "البريد الإلكتروني :"
  },
  "conact_us_page_phone_title": {
    "en": "Phone : ",
    "fr": "Téléphoner : ",
    "afr": "Foon : ",
    "ar": "هاتف :"
  },
  "conact_us_page_followon_title": {
    "en": "Follow Us On :",
    "fr": "Suivez-nous sur :",
    "afr": "Volg ons op :",
    "ar": "اتبعنا :"
  }
}
