{
    "employeetypes": [
        {
            "id": "1",
            "type": "Driver",
            "detail": "",
            "created_at": "2022-06-27 11:01:56",
            "updated_at": "2023-01-21 10:11:38",
            "deleted_at": null
        },
        {
            "id": "2",
            "type": "Assistant ",
            "detail": "",
            "created_at": "2022-06-27 11:01:56",
            "updated_at": "2023-01-21 10:11:38",
            "deleted_at": null
        },
        {
            "id": "3",
            "type": "Ohter ",
            "detail": "",
            "created_at": "2022-06-27 11:02:56",
            "updated_at": "2023-01-21 10:12:38",
            "deleted_at": null
        }
    ],
    "employees": [
        {
            "id": "10",
            "employeetype_id": "1",
            "country_id": "18",
            "first_name": "Driver",
            "last_name": "A",
            "phone": "111111100000",
            "email": "da@d.com",
            "blood": "A+",
            "id_type": "Nid",
            "nid": "nid1111",
            "nid_picture": "",
            "profile_picture": "image\/employee\/1656319423_aba22ab1e1a60a722da2.jpg",
            "address": "lorem ipsum, lorem inpsum",
            "city": "dhaka",
            "zip": "1213",
            "created_at": "2022-06-27 14:43:43",
            "updated_at": "2023-01-21 10:11:38",
            "deleted_at": null
        },
        {
            "id": "11",
            "employeetype_id": "1",
            "country_id": "18",
            "first_name": "Driver",
            "last_name": "B",
            "phone": "222222211111",
            "email": "db@d.com",
            "blood": "A+",
            "id_type": "Nid",
            "nid": "nid1122",
            "nid_picture": "",
            "profile_picture": "image\/employee\/1656319507_fab58576cf417cae5003.jpg",
            "address": "lorem ipsum, lorem ipsume",
            "city": "dhaka",
            "zip": "1213",
            "created_at": "2022-06-27 14:45:07",
            "updated_at": "2023-01-21 10:11:38",
            "deleted_at": null
        },
        {
            "id": "12",
            "employeetype_id": "1",
            "country_id": "18",
            "first_name": "Driver",
            "last_name": "C",
            "phone": "333332222",
            "email": "dc@d.com",
            "blood": "A+",
            "id_type": "Nid",
            "nid": "dc1111",
            "nid_picture": "",
            "profile_picture": "image\/employee\/1656319592_cdd3f1f37a964ed1ef88.jpg",
            "address": "lorem ipsum, lorem ipsum",
            "city": "dhaka",
            "zip": "1213",
            "created_at": "2022-06-27 14:46:32",
            "updated_at": "2023-01-21 10:11:38",
            "deleted_at": null
        },
        {
            "id": "13",
            "employeetype_id": "2",
            "country_id": "18",
            "first_name": "Assistant",
            "last_name": "A",
            "phone": "44444433333",
            "email": "aa@a.cm",
            "blood": "A+",
            "id_type": "Nid",
            "nid": "aa111",
            "nid_picture": "",
            "profile_picture": "image\/employee\/1656319755_29d3dd5d516de7d8ee73.jpg",
            "address": "lorem ipsum, lorem ipsum",
            "city": "dhaka",
            "zip": "1213",
            "created_at": "2022-06-27 14:49:15",
            "updated_at": "2023-01-21 10:11:38",
            "deleted_at": null
        },
        {
            "id": "14",
            "employeetype_id": "2",
            "country_id": "18",
            "first_name": "Assistant",
            "last_name": "B",
            "phone": "555554444",
            "email": "ab@a.cm",
            "blood": "A+",
            "id_type": "Nid",
            "nid": "ab111",
            "nid_picture": "",
            "profile_picture": "image\/employee\/1656319814_01dd3f25eb37cfd16ce6.jpg",
            "address": "lorem ipsum, lorem ipsum",
            "city": "dhaka",
            "zip": "1213",
            "created_at": "2022-06-27 14:50:14",
            "updated_at": "2023-01-21 10:11:38",
            "deleted_at": null
        },
        {
            "id": "15",
            "employeetype_id": "2",
            "country_id": "18",
            "first_name": "Assistant",
            "last_name": "C",
            "phone": "66666655555",
            "email": "ac@a.cm",
            "blood": "A+",
            "id_type": "Nid",
            "nid": "ac111",
            "nid_picture": "",
            "profile_picture": "image\/employee\/1656319856_9ef2b1e9d13146f3588d.jpg",
            "address": "lorem ipsum, lorem ipsum",
            "city": "dhaka",
            "zip": "1213",
            "created_at": "2022-06-27 14:50:56",
            "updated_at": "2023-01-21 10:11:38",
            "deleted_at": null
        }
    ]
}